{
  "cli_cold_ms": 1780.7732999999644,
  "template_gen_ms": 984.6830999995291,
  "ts": 1772862060.2613878
}